run,device,bypass_page_cache,device_size,page_size,size,time
0,/dev/nvme0n1,true,2000398934016,4096,1048576,0.955187
1,/dev/nvme0n1,true,2000398934016,4096,1048576,0.902900
2,/dev/nvme0n1,true,2000398934016,4096,1048576,0.979022
3,/dev/nvme0n1,true,2000398934016,4096,1048576,0.975175
4,/dev/nvme0n1,true,2000398934016,4096,1048576,0.898111
5,/dev/nvme0n1,true,2000398934016,4096,1048576,0.880638
6,/dev/nvme0n1,true,2000398934016,4096,1048576,1.025870
7,/dev/nvme0n1,true,2000398934016,4096,1048576,0.913179
8,/dev/nvme0n1,true,2000398934016,4096,1048576,0.895666
9,/dev/nvme0n1,true,2000398934016,4096,1048576,0.965216
10,/dev/nvme0n1,true,2000398934016,4096,1048576,1.000402
11,/dev/nvme0n1,true,2000398934016,4096,1048576,1.075242
12,/dev/nvme0n1,true,2000398934016,4096,1048576,1.003488
13,/dev/nvme0n1,true,2000398934016,4096,1048576,0.918169
14,/dev/nvme0n1,true,2000398934016,4096,1048576,1.004941
15,/dev/nvme0n1,true,2000398934016,4096,1048576,0.914381
16,/dev/nvme0n1,true,2000398934016,4096,1048576,0.982028
17,/dev/nvme0n1,true,2000398934016,4096,1048576,0.890667
18,/dev/nvme0n1,true,2000398934016,4096,1048576,0.934489
19,/dev/nvme0n1,true,2000398934016,4096,1048576,0.951461
20,/dev/nvme0n1,true,2000398934016,4096,1048576,7.880597
21,/dev/nvme0n1,true,2000398934016,4096,1048576,1.178295
22,/dev/nvme0n1,true,2000398934016,4096,1048576,0.909662
23,/dev/nvme0n1,true,2000398934016,4096,1048576,1.106941
24,/dev/nvme0n1,true,2000398934016,4096,1048576,1.141135
25,/dev/nvme0n1,true,2000398934016,4096,1048576,0.989562
26,/dev/nvme0n1,true,2000398934016,4096,1048576,0.935641
27,/dev/nvme0n1,true,2000398934016,4096,1048576,1.192622
28,/dev/nvme0n1,true,2000398934016,4096,1048576,0.905595
29,/dev/nvme0n1,true,2000398934016,4096,1048576,2.519024
30,/dev/nvme0n1,true,2000398934016,4096,1048576,0.996916
31,/dev/nvme0n1,true,2000398934016,4096,1048576,0.965396
32,/dev/nvme0n1,true,2000398934016,4096,1048576,0.980004
33,/dev/nvme0n1,true,2000398934016,4096,1048576,0.930782
34,/dev/nvme0n1,true,2000398934016,4096,1048576,0.888242
35,/dev/nvme0n1,true,2000398934016,4096,1048576,0.986827
36,/dev/nvme0n1,true,2000398934016,4096,1048576,0.911576
37,/dev/nvme0n1,true,2000398934016,4096,1048576,0.947293
38,/dev/nvme0n1,true,2000398934016,4096,1048576,0.867403
39,/dev/nvme0n1,true,2000398934016,4096,1048576,1.033504
40,/dev/nvme0n1,true,2000398934016,4096,1048576,1.055004
41,/dev/nvme0n1,true,2000398934016,4096,1048576,0.884095
42,/dev/nvme0n1,true,2000398934016,4096,1048576,0.997046
43,/dev/nvme0n1,true,2000398934016,4096,1048576,0.993619
44,/dev/nvme0n1,true,2000398934016,4096,1048576,1.145183
45,/dev/nvme0n1,true,2000398934016,4096,1048576,0.867594
46,/dev/nvme0n1,true,2000398934016,4096,1048576,0.972831
47,/dev/nvme0n1,true,2000398934016,4096,1048576,0.917577
48,/dev/nvme0n1,true,2000398934016,4096,1048576,0.922837
49,/dev/nvme0n1,true,2000398934016,4096,1048576,0.905575
50,/dev/nvme0n1,true,2000398934016,4096,1048576,0.914331
51,/dev/nvme0n1,true,2000398934016,4096,1048576,0.859097
52,/dev/nvme0n1,true,2000398934016,4096,1048576,0.885498
53,/dev/nvme0n1,true,2000398934016,4096,1048576,0.921594
54,/dev/nvme0n1,true,2000398934016,4096,1048576,1.055545
55,/dev/nvme0n1,true,2000398934016,4096,1048576,0.902979
56,/dev/nvme0n1,true,2000398934016,4096,1048576,1.084469
57,/dev/nvme0n1,true,2000398934016,4096,1048576,0.899193
58,/dev/nvme0n1,true,2000398934016,4096,1048576,1.026050
59,/dev/nvme0n1,true,2000398934016,4096,1048576,1.071074
60,/dev/nvme0n1,true,2000398934016,4096,1048576,0.937815
61,/dev/nvme0n1,true,2000398934016,4096,1048576,0.898491
62,/dev/nvme0n1,true,2000398934016,4096,1048576,0.954136
63,/dev/nvme0n1,true,2000398934016,4096,1048576,0.935611
64,/dev/nvme0n1,true,2000398934016,4096,1048576,0.909913
65,/dev/nvme0n1,true,2000398934016,4096,1048576,0.949647
66,/dev/nvme0n1,true,2000398934016,4096,1048576,0.980635
67,/dev/nvme0n1,true,2000398934016,4096,1048576,1.033293
68,/dev/nvme0n1,true,2000398934016,4096,1048576,0.906507
69,/dev/nvme0n1,true,2000398934016,4096,1048576,0.937565
70,/dev/nvme0n1,true,2000398934016,4096,1048576,0.853507
71,/dev/nvme0n1,true,2000398934016,4096,1048576,0.972600
72,/dev/nvme0n1,true,2000398934016,4096,1048576,1.122200
73,/dev/nvme0n1,true,2000398934016,4096,1048576,0.984312
74,/dev/nvme0n1,true,2000398934016,4096,1048576,0.856763
75,/dev/nvme0n1,true,2000398934016,4096,1048576,1.003348
76,/dev/nvme0n1,true,2000398934016,4096,1048576,1.097784
77,/dev/nvme0n1,true,2000398934016,4096,1048576,0.884706
78,/dev/nvme0n1,true,2000398934016,4096,1048576,0.990263
79,/dev/nvme0n1,true,2000398934016,4096,1048576,0.912137
80,/dev/nvme0n1,true,2000398934016,4096,1048576,0.875859
81,/dev/nvme0n1,true,2000398934016,4096,1048576,0.877172
82,/dev/nvme0n1,true,2000398934016,4096,1048576,0.872663
83,/dev/nvme0n1,true,2000398934016,4096,1048576,0.968973
84,/dev/nvme0n1,true,2000398934016,4096,1048576,1.044164
85,/dev/nvme0n1,true,2000398934016,4096,1048576,0.881890
86,/dev/nvme0n1,true,2000398934016,4096,1048576,1.069291
87,/dev/nvme0n1,true,2000398934016,4096,1048576,1.061897
88,/dev/nvme0n1,true,2000398934016,4096,1048576,0.898822
89,/dev/nvme0n1,true,2000398934016,4096,1048576,0.932976
90,/dev/nvme0n1,true,2000398934016,4096,1048576,0.914441
91,/dev/nvme0n1,true,2000398934016,4096,1048576,1.017584
92,/dev/nvme0n1,true,2000398934016,4096,1048576,0.992287
93,/dev/nvme0n1,true,2000398934016,4096,1048576,0.923739
94,/dev/nvme0n1,true,2000398934016,4096,1048576,1.057830
95,/dev/nvme0n1,true,2000398934016,4096,1048576,0.997106
96,/dev/nvme0n1,true,2000398934016,4096,1048576,0.848788
97,/dev/nvme0n1,true,2000398934016,4096,1048576,0.998759
98,/dev/nvme0n1,true,2000398934016,4096,1048576,0.876661
99,/dev/nvme0n1,true,2000398934016,4096,1048576,0.990443
0,/dev/nvme0n1,true,2000398934016,4096,10485760,9.645961
1,/dev/nvme0n1,true,2000398934016,4096,10485760,16.113384
2,/dev/nvme0n1,true,2000398934016,4096,10485760,11.709212
3,/dev/nvme0n1,true,2000398934016,4096,10485760,9.602519
4,/dev/nvme0n1,true,2000398934016,4096,10485760,9.897992
5,/dev/nvme0n1,true,2000398934016,4096,10485760,9.883295
6,/dev/nvme0n1,true,2000398934016,4096,10485760,9.624240
7,/dev/nvme0n1,true,2000398934016,4096,10485760,9.728915
8,/dev/nvme0n1,true,2000398934016,4096,10485760,10.108917
9,/dev/nvme0n1,true,2000398934016,4096,10485760,11.243661
10,/dev/nvme0n1,true,2000398934016,4096,10485760,11.233071
11,/dev/nvme0n1,true,2000398934016,4096,10485760,9.645160
12,/dev/nvme0n1,true,2000398934016,4096,10485760,9.522850
13,/dev/nvme0n1,true,2000398934016,4096,10485760,9.657092
14,/dev/nvme0n1,true,2000398934016,4096,10485760,9.421471
15,/dev/nvme0n1,true,2000398934016,4096,10485760,9.760185
16,/dev/nvme0n1,true,2000398934016,4096,10485760,9.852537
17,/dev/nvme0n1,true,2000398934016,4096,10485760,9.644889
18,/dev/nvme0n1,true,2000398934016,4096,10485760,9.664606
19,/dev/nvme0n1,true,2000398934016,4096,10485760,10.177886
20,/dev/nvme0n1,true,2000398934016,4096,10485760,9.882733
21,/dev/nvme0n1,true,2000398934016,4096,10485760,9.749044
22,/dev/nvme0n1,true,2000398934016,4096,10485760,9.758101
23,/dev/nvme0n1,true,2000398934016,4096,10485760,9.684583
24,/dev/nvme0n1,true,2000398934016,4096,10485760,9.582402
25,/dev/nvme0n1,true,2000398934016,4096,10485760,9.913993
26,/dev/nvme0n1,true,2000398934016,4096,10485760,10.140015
27,/dev/nvme0n1,true,2000398934016,4096,10485760,15.073958
28,/dev/nvme0n1,true,2000398934016,4096,10485760,9.748903
29,/dev/nvme0n1,true,2000398934016,4096,10485760,9.672901
30,/dev/nvme0n1,true,2000398934016,4096,10485760,9.432050
31,/dev/nvme0n1,true,2000398934016,4096,10485760,10.306317
32,/dev/nvme0n1,true,2000398934016,4096,10485760,9.571832
33,/dev/nvme0n1,true,2000398934016,4096,10485760,9.390022
34,/dev/nvme0n1,true,2000398934016,4096,10485760,11.284307
35,/dev/nvme0n1,true,2000398934016,4096,10485760,9.611617
36,/dev/nvme0n1,true,2000398934016,4096,10485760,9.599333
37,/dev/nvme0n1,true,2000398934016,4096,10485760,9.617878
38,/dev/nvme0n1,true,2000398934016,4096,10485760,9.723085
39,/dev/nvme0n1,true,2000398934016,4096,10485760,9.701585
40,/dev/nvme0n1,true,2000398934016,4096,10485760,10.205809
41,/dev/nvme0n1,true,2000398934016,4096,10485760,9.487664
42,/dev/nvme0n1,true,2000398934016,4096,10485760,9.850413
43,/dev/nvme0n1,true,2000398934016,4096,10485760,9.986558
44,/dev/nvme0n1,true,2000398934016,4096,10485760,9.401212
45,/dev/nvme0n1,true,2000398934016,4096,10485760,9.424427
46,/dev/nvme0n1,true,2000398934016,4096,10485760,9.665657
47,/dev/nvme0n1,true,2000398934016,4096,10485760,9.250951
48,/dev/nvme0n1,true,2000398934016,4096,10485760,9.796422
49,/dev/nvme0n1,true,2000398934016,4096,10485760,9.335159
50,/dev/nvme0n1,true,2000398934016,4096,10485760,9.567073
51,/dev/nvme0n1,true,2000398934016,4096,10485760,9.345358
52,/dev/nvme0n1,true,2000398934016,4096,10485760,9.641002
53,/dev/nvme0n1,true,2000398934016,4096,10485760,9.682049
54,/dev/nvme0n1,true,2000398934016,4096,10485760,10.232599
55,/dev/nvme0n1,true,2000398934016,4096,10485760,9.993651
56,/dev/nvme0n1,true,2000398934016,4096,10485760,10.062410
57,/dev/nvme0n1,true,2000398934016,4096,10485760,9.550492
58,/dev/nvme0n1,true,2000398934016,4096,10485760,9.533390
59,/dev/nvme0n1,true,2000398934016,4096,10485760,11.477317
60,/dev/nvme0n1,true,2000398934016,4096,10485760,11.144925
61,/dev/nvme0n1,true,2000398934016,4096,10485760,9.458470
62,/dev/nvme0n1,true,2000398934016,4096,10485760,9.328847
63,/dev/nvme0n1,true,2000398934016,4096,10485760,9.534081
64,/dev/nvme0n1,true,2000398934016,4096,10485760,9.298480
65,/dev/nvme0n1,true,2000398934016,4096,10485760,9.247044
66,/dev/nvme0n1,true,2000398934016,4096,10485760,9.478597
67,/dev/nvme0n1,true,2000398934016,4096,10485760,9.363833
68,/dev/nvme0n1,true,2000398934016,4096,10485760,9.218471
69,/dev/nvme0n1,true,2000398934016,4096,10485760,8.982599
70,/dev/nvme0n1,true,2000398934016,4096,10485760,17.176302
71,/dev/nvme0n1,true,2000398934016,4096,10485760,10.017817
72,/dev/nvme0n1,true,2000398934016,4096,10485760,9.458379
73,/dev/nvme0n1,true,2000398934016,4096,10485760,9.031511
74,/dev/nvme0n1,true,2000398934016,4096,10485760,9.494708
75,/dev/nvme0n1,true,2000398934016,4096,10485760,9.172655
76,/dev/nvme0n1,true,2000398934016,4096,10485760,9.452568
77,/dev/nvme0n1,true,2000398934016,4096,10485760,9.452850
78,/dev/nvme0n1,true,2000398934016,4096,10485760,9.402325
79,/dev/nvme0n1,true,2000398934016,4096,10485760,9.472857
80,/dev/nvme0n1,true,2000398934016,4096,10485760,8.975306
81,/dev/nvme0n1,true,2000398934016,4096,10485760,9.494888
82,/dev/nvme0n1,true,2000398934016,4096,10485760,9.309611
83,/dev/nvme0n1,true,2000398934016,4096,10485760,9.560771
84,/dev/nvme0n1,true,2000398934016,4096,10485760,8.963092
85,/dev/nvme0n1,true,2000398934016,4096,10485760,9.481172
86,/dev/nvme0n1,true,2000398934016,4096,10485760,9.367539
87,/dev/nvme0n1,true,2000398934016,4096,10485760,9.978593
88,/dev/nvme0n1,true,2000398934016,4096,10485760,9.193815
89,/dev/nvme0n1,true,2000398934016,4096,10485760,9.263244
90,/dev/nvme0n1,true,2000398934016,4096,10485760,9.349236
91,/dev/nvme0n1,true,2000398934016,4096,10485760,9.288372
92,/dev/nvme0n1,true,2000398934016,4096,10485760,9.483967
93,/dev/nvme0n1,true,2000398934016,4096,10485760,9.120607
94,/dev/nvme0n1,true,2000398934016,4096,10485760,9.328005
95,/dev/nvme0n1,true,2000398934016,4096,10485760,8.671597
96,/dev/nvme0n1,true,2000398934016,4096,10485760,9.367500
97,/dev/nvme0n1,true,2000398934016,4096,10485760,9.278012
98,/dev/nvme0n1,true,2000398934016,4096,10485760,9.299072
99,/dev/nvme0n1,true,2000398934016,4096,10485760,9.432661
0,/dev/nvme0n1,true,2000398934016,4096,104857600,93.569619
1,/dev/nvme0n1,true,2000398934016,4096,104857600,109.783530
2,/dev/nvme0n1,true,2000398934016,4096,104857600,108.600526
3,/dev/nvme0n1,true,2000398934016,4096,104857600,100.295945
4,/dev/nvme0n1,true,2000398934016,4096,104857600,95.796165
5,/dev/nvme0n1,true,2000398934016,4096,104857600,96.300278
6,/dev/nvme0n1,true,2000398934016,4096,104857600,93.265519
7,/dev/nvme0n1,true,2000398934016,4096,104857600,94.258127
8,/dev/nvme0n1,true,2000398934016,4096,104857600,99.509745
9,/dev/nvme0n1,true,2000398934016,4096,104857600,93.598062
10,/dev/nvme0n1,true,2000398934016,4096,104857600,100.077066
11,/dev/nvme0n1,true,2000398934016,4096,104857600,92.882843
12,/dev/nvme0n1,true,2000398934016,4096,104857600,94.209967
13,/dev/nvme0n1,true,2000398934016,4096,104857600,99.636652
14,/dev/nvme0n1,true,2000398934016,4096,104857600,94.806593
15,/dev/nvme0n1,true,2000398934016,4096,104857600,106.103825
16,/dev/nvme0n1,true,2000398934016,4096,104857600,93.289014
17,/dev/nvme0n1,true,2000398934016,4096,104857600,100.551604
18,/dev/nvme0n1,true,2000398934016,4096,104857600,93.640170
19,/dev/nvme0n1,true,2000398934016,4096,104857600,96.436023
20,/dev/nvme0n1,true,2000398934016,4096,104857600,94.941246
21,/dev/nvme0n1,true,2000398934016,4096,104857600,102.821412
22,/dev/nvme0n1,true,2000398934016,4096,104857600,95.501724
23,/dev/nvme0n1,true,2000398934016,4096,104857600,92.350537
24,/dev/nvme0n1,true,2000398934016,4096,104857600,93.118024
25,/dev/nvme0n1,true,2000398934016,4096,104857600,98.637913
26,/dev/nvme0n1,true,2000398934016,4096,104857600,100.734456
27,/dev/nvme0n1,true,2000398934016,4096,104857600,94.189940
28,/dev/nvme0n1,true,2000398934016,4096,104857600,101.160964
29,/dev/nvme0n1,true,2000398934016,4096,104857600,95.562047
30,/dev/nvme0n1,true,2000398934016,4096,104857600,93.925925
31,/dev/nvme0n1,true,2000398934016,4096,104857600,96.470528
32,/dev/nvme0n1,true,2000398934016,4096,104857600,95.671642
33,/dev/nvme0n1,true,2000398934016,4096,104857600,94.294796
34,/dev/nvme0n1,true,2000398934016,4096,104857600,101.081657
35,/dev/nvme0n1,true,2000398934016,4096,104857600,93.257074
36,/dev/nvme0n1,true,2000398934016,4096,104857600,95.525540
37,/dev/nvme0n1,true,2000398934016,4096,104857600,100.297389
38,/dev/nvme0n1,true,2000398934016,4096,104857600,95.862049
39,/dev/nvme0n1,true,2000398934016,4096,104857600,96.908056
40,/dev/nvme0n1,true,2000398934016,4096,104857600,91.922577
41,/dev/nvme0n1,true,2000398934016,4096,104857600,92.698289
42,/dev/nvme0n1,true,2000398934016,4096,104857600,94.130889
43,/dev/nvme0n1,true,2000398934016,4096,104857600,96.677023
44,/dev/nvme0n1,true,2000398934016,4096,104857600,99.422822
45,/dev/nvme0n1,true,2000398934016,4096,104857600,92.797634
46,/dev/nvme0n1,true,2000398934016,4096,104857600,95.665952
47,/dev/nvme0n1,true,2000398934016,4096,104857600,107.078969
48,/dev/nvme0n1,true,2000398934016,4096,104857600,93.813576
49,/dev/nvme0n1,true,2000398934016,4096,104857600,94.177487
50,/dev/nvme0n1,true,2000398934016,4096,104857600,98.081272
51,/dev/nvme0n1,true,2000398934016,4096,104857600,99.753721
52,/dev/nvme0n1,true,2000398934016,4096,104857600,94.346743
53,/dev/nvme0n1,true,2000398934016,4096,104857600,94.943230
54,/dev/nvme0n1,true,2000398934016,4096,104857600,121.016070
55,/dev/nvme0n1,true,2000398934016,4096,104857600,403.747732
56,/dev/nvme0n1,true,2000398934016,4096,104857600,313.136008
57,/dev/nvme0n1,true,2000398934016,4096,104857600,299.354569
58,/dev/nvme0n1,true,2000398934016,4096,104857600,267.566985
59,/dev/nvme0n1,true,2000398934016,4096,104857600,93.919123
60,/dev/nvme0n1,true,2000398934016,4096,104857600,94.579308
61,/dev/nvme0n1,true,2000398934016,4096,104857600,93.260250
62,/dev/nvme0n1,true,2000398934016,4096,104857600,96.938533
63,/dev/nvme0n1,true,2000398934016,4096,104857600,95.552920
64,/dev/nvme0n1,true,2000398934016,4096,104857600,99.860862
65,/dev/nvme0n1,true,2000398934016,4096,104857600,96.072553
66,/dev/nvme0n1,true,2000398934016,4096,104857600,93.975548
67,/dev/nvme0n1,true,2000398934016,4096,104857600,92.147468
68,/dev/nvme0n1,true,2000398934016,4096,104857600,99.693869
69,/dev/nvme0n1,true,2000398934016,4096,104857600,94.273336
70,/dev/nvme0n1,true,2000398934016,4096,104857600,93.332786
71,/dev/nvme0n1,true,2000398934016,4096,104857600,99.801271
72,/dev/nvme0n1,true,2000398934016,4096,104857600,108.075925
73,/dev/nvme0n1,true,2000398934016,4096,104857600,94.384374
74,/dev/nvme0n1,true,2000398934016,4096,104857600,99.489377
75,/dev/nvme0n1,true,2000398934016,4096,104857600,94.048725
76,/dev/nvme0n1,true,2000398934016,4096,104857600,102.174431
77,/dev/nvme0n1,true,2000398934016,4096,104857600,97.090167
78,/dev/nvme0n1,true,2000398934016,4096,104857600,93.296328
79,/dev/nvme0n1,true,2000398934016,4096,104857600,99.777406
80,/dev/nvme0n1,true,2000398934016,4096,104857600,98.394428
81,/dev/nvme0n1,true,2000398934016,4096,104857600,96.958911
82,/dev/nvme0n1,true,2000398934016,4096,104857600,100.530445
83,/dev/nvme0n1,true,2000398934016,4096,104857600,95.865084
84,/dev/nvme0n1,true,2000398934016,4096,104857600,93.861105
85,/dev/nvme0n1,true,2000398934016,4096,104857600,94.756319
86,/dev/nvme0n1,true,2000398934016,4096,104857600,93.899546
87,/dev/nvme0n1,true,2000398934016,4096,104857600,100.009831
88,/dev/nvme0n1,true,2000398934016,4096,104857600,93.246715
89,/dev/nvme0n1,true,2000398934016,4096,104857600,94.352825
90,/dev/nvme0n1,true,2000398934016,4096,104857600,96.089805
91,/dev/nvme0n1,true,2000398934016,4096,104857600,97.685341
92,/dev/nvme0n1,true,2000398934016,4096,104857600,93.874560
93,/dev/nvme0n1,true,2000398934016,4096,104857600,93.080574
94,/dev/nvme0n1,true,2000398934016,4096,104857600,93.665187
95,/dev/nvme0n1,true,2000398934016,4096,104857600,99.557805
96,/dev/nvme0n1,true,2000398934016,4096,104857600,100.149032
97,/dev/nvme0n1,true,2000398934016,4096,104857600,99.985315
98,/dev/nvme0n1,true,2000398934016,4096,104857600,92.970367
99,/dev/nvme0n1,true,2000398934016,4096,104857600,98.705309
0,/dev/nvme0n1,true,2000398934016,4096,1073741824,1010.013226
1,/dev/nvme0n1,true,2000398934016,4096,1073741824,987.922888
2,/dev/nvme0n1,true,2000398934016,4096,1073741824,979.658624
3,/dev/nvme0n1,true,2000398934016,4096,1073741824,1011.963848
4,/dev/nvme0n1,true,2000398934016,4096,1073741824,1615.791218
5,/dev/nvme0n1,true,2000398934016,4096,1073741824,993.702535
6,/dev/nvme0n1,true,2000398934016,4096,1073741824,984.914520
7,/dev/nvme0n1,true,2000398934016,4096,1073741824,979.829395
8,/dev/nvme0n1,true,2000398934016,4096,1073741824,986.113074
9,/dev/nvme0n1,true,2000398934016,4096,1073741824,1172.726220
10,/dev/nvme0n1,true,2000398934016,4096,1073741824,1704.407122
11,/dev/nvme0n1,true,2000398934016,4096,1073741824,999.078168
12,/dev/nvme0n1,true,2000398934016,4096,1073741824,1869.881121
13,/dev/nvme0n1,true,2000398934016,4096,1073741824,994.164454
14,/dev/nvme0n1,true,2000398934016,4096,1073741824,1007.243819
15,/dev/nvme0n1,true,2000398934016,4096,1073741824,1313.748914
16,/dev/nvme0n1,true,2000398934016,4096,1073741824,1515.217349
17,/dev/nvme0n1,true,2000398934016,4096,1073741824,980.027280
18,/dev/nvme0n1,true,2000398934016,4096,1073741824,990.861194
19,/dev/nvme0n1,true,2000398934016,4096,1073741824,990.779411
20,/dev/nvme0n1,true,2000398934016,4096,1073741824,975.285989
21,/dev/nvme0n1,true,2000398934016,4096,1073741824,971.479816
22,/dev/nvme0n1,true,2000398934016,4096,1073741824,969.248912
23,/dev/nvme0n1,true,2000398934016,4096,1073741824,971.411289
24,/dev/nvme0n1,true,2000398934016,4096,1073741824,1122.746979
25,/dev/nvme0n1,true,2000398934016,4096,1073741824,1013.599307
26,/dev/nvme0n1,true,2000398934016,4096,1073741824,984.925770
27,/dev/nvme0n1,true,2000398934016,4096,1073741824,975.139316
28,/dev/nvme0n1,true,2000398934016,4096,1073741824,965.733054
29,/dev/nvme0n1,true,2000398934016,4096,1073741824,981.427083
30,/dev/nvme0n1,true,2000398934016,4096,1073741824,982.717018
31,/dev/nvme0n1,true,2000398934016,4096,1073741824,989.580262
32,/dev/nvme0n1,true,2000398934016,4096,1073741824,978.988391
33,/dev/nvme0n1,true,2000398934016,4096,1073741824,983.582959
34,/dev/nvme0n1,true,2000398934016,4096,1073741824,979.837220
35,/dev/nvme0n1,true,2000398934016,4096,1073741824,1426.172596
36,/dev/nvme0n1,true,2000398934016,4096,1073741824,1359.056900
37,/dev/nvme0n1,true,2000398934016,4096,1073741824,972.261615
38,/dev/nvme0n1,true,2000398934016,4096,1073741824,971.447552
39,/dev/nvme0n1,true,2000398934016,4096,1073741824,1787.316824
40,/dev/nvme0n1,true,2000398934016,4096,1073741824,953.320069
41,/dev/nvme0n1,true,2000398934016,4096,1073741824,971.481046
42,/dev/nvme0n1,true,2000398934016,4096,1073741824,961.811961
43,/dev/nvme0n1,true,2000398934016,4096,1073741824,979.034010
44,/dev/nvme0n1,true,2000398934016,4096,1073741824,965.894742
45,/dev/nvme0n1,true,2000398934016,4096,1073741824,965.493061
46,/dev/nvme0n1,true,2000398934016,4096,1073741824,978.896744
47,/dev/nvme0n1,true,2000398934016,4096,1073741824,958.305541
48,/dev/nvme0n1,true,2000398934016,4096,1073741824,955.836452
49,/dev/nvme0n1,true,2000398934016,4096,1073741824,1009.715587
50,/dev/nvme0n1,true,2000398934016,4096,1073741824,963.295431
51,/dev/nvme0n1,true,2000398934016,4096,1073741824,973.635791
52,/dev/nvme0n1,true,2000398934016,4096,1073741824,957.054001
53,/dev/nvme0n1,true,2000398934016,4096,1073741824,963.094255
54,/dev/nvme0n1,true,2000398934016,4096,1073741824,961.485374
55,/dev/nvme0n1,true,2000398934016,4096,1073741824,977.884273
56,/dev/nvme0n1,true,2000398934016,4096,1073741824,1848.550154
57,/dev/nvme0n1,true,2000398934016,4096,1073741824,964.438362
58,/dev/nvme0n1,true,2000398934016,4096,1073741824,977.222796
59,/dev/nvme0n1,true,2000398934016,4096,1073741824,969.062045
60,/dev/nvme0n1,true,2000398934016,4096,1073741824,966.758475
61,/dev/nvme0n1,true,2000398934016,4096,1073741824,967.933083
62,/dev/nvme0n1,true,2000398934016,4096,1073741824,966.436954
63,/dev/nvme0n1,true,2000398934016,4096,1073741824,966.658167
64,/dev/nvme0n1,true,2000398934016,4096,1073741824,987.289356
65,/dev/nvme0n1,true,2000398934016,4096,1073741824,976.547544
66,/dev/nvme0n1,true,2000398934016,4096,1073741824,978.774352
67,/dev/nvme0n1,true,2000398934016,4096,1073741824,970.068201
68,/dev/nvme0n1,true,2000398934016,4096,1073741824,969.229761
69,/dev/nvme0n1,true,2000398934016,4096,1073741824,970.737183
70,/dev/nvme0n1,true,2000398934016,4096,1073741824,978.566354
71,/dev/nvme0n1,true,2000398934016,4096,1073741824,986.157720
72,/dev/nvme0n1,true,2000398934016,4096,1073741824,972.905371
73,/dev/nvme0n1,true,2000398934016,4096,1073741824,970.181063
74,/dev/nvme0n1,true,2000398934016,4096,1073741824,997.520134
75,/dev/nvme0n1,true,2000398934016,4096,1073741824,973.245248
76,/dev/nvme0n1,true,2000398934016,4096,1073741824,983.327837
77,/dev/nvme0n1,true,2000398934016,4096,1073741824,981.068359
78,/dev/nvme0n1,true,2000398934016,4096,1073741824,964.466000
79,/dev/nvme0n1,true,2000398934016,4096,1073741824,972.860859
80,/dev/nvme0n1,true,2000398934016,4096,1073741824,980.198942
81,/dev/nvme0n1,true,2000398934016,4096,1073741824,972.709487
82,/dev/nvme0n1,true,2000398934016,4096,1073741824,973.812462
83,/dev/nvme0n1,true,2000398934016,4096,1073741824,968.661111
84,/dev/nvme0n1,true,2000398934016,4096,1073741824,974.103878
85,/dev/nvme0n1,true,2000398934016,4096,1073741824,976.693524
86,/dev/nvme0n1,true,2000398934016,4096,1073741824,968.979909
87,/dev/nvme0n1,true,2000398934016,4096,1073741824,1409.995959
88,/dev/nvme0n1,true,2000398934016,4096,1073741824,1414.040879
89,/dev/nvme0n1,true,2000398934016,4096,1073741824,976.104914
90,/dev/nvme0n1,true,2000398934016,4096,1073741824,975.707090
91,/dev/nvme0n1,true,2000398934016,4096,1073741824,965.947656
92,/dev/nvme0n1,true,2000398934016,4096,1073741824,969.774969
93,/dev/nvme0n1,true,2000398934016,4096,1073741824,968.741907
94,/dev/nvme0n1,true,2000398934016,4096,1073741824,971.738865
95,/dev/nvme0n1,true,2000398934016,4096,1073741824,977.990153
96,/dev/nvme0n1,true,2000398934016,4096,1073741824,976.173374
97,/dev/nvme0n1,true,2000398934016,4096,1073741824,1835.622205
98,/dev/nvme0n1,true,2000398934016,4096,1073741824,1013.073889
99,/dev/nvme0n1,true,2000398934016,4096,1073741824,968.849058
0,/dev/sda,true,1000204886016,4096,1048576,2.810570
1,/dev/sda,true,1000204886016,4096,1048576,2.812033
2,/dev/sda,true,1000204886016,4096,1048576,2.777869
3,/dev/sda,true,1000204886016,4096,1048576,2.784921
4,/dev/sda,true,1000204886016,4096,1048576,2.756128
5,/dev/sda,true,1000204886016,4096,1048576,2.818304
6,/dev/sda,true,1000204886016,4096,1048576,2.844333
7,/dev/sda,true,1000204886016,4096,1048576,2.797275
8,/dev/sda,true,1000204886016,4096,1048576,2.790942
9,/dev/sda,true,1000204886016,4096,1048576,2.769072
10,/dev/sda,true,1000204886016,4096,1048576,2.808075
11,/dev/sda,true,1000204886016,4096,1048576,2.801452
12,/dev/sda,true,1000204886016,4096,1048576,2.809648
13,/dev/sda,true,1000204886016,4096,1048576,2.794970
14,/dev/sda,true,1000204886016,4096,1048576,2.805099
15,/dev/sda,true,1000204886016,4096,1048576,2.826880
16,/dev/sda,true,1000204886016,4096,1048576,2.823464
17,/dev/sda,true,1000204886016,4096,1048576,2.835486
18,/dev/sda,true,1000204886016,4096,1048576,2.775444
19,/dev/sda,true,1000204886016,4096,1048576,2.821920
20,/dev/sda,true,1000204886016,4096,1048576,2.842760
21,/dev/sda,true,1000204886016,4096,1048576,2.843771
22,/dev/sda,true,1000204886016,4096,1048576,2.756990
23,/dev/sda,true,1000204886016,4096,1048576,2.924393
24,/dev/sda,true,1000204886016,4096,1048576,2.814998
25,/dev/sda,true,1000204886016,4096,1048576,2.838212
26,/dev/sda,true,1000204886016,4096,1048576,2.857247
27,/dev/sda,true,1000204886016,4096,1048576,2.787286
28,/dev/sda,true,1000204886016,4096,1048576,2.811401
29,/dev/sda,true,1000204886016,4096,1048576,2.820508
30,/dev/sda,true,1000204886016,4096,1048576,2.826128
31,/dev/sda,true,1000204886016,4096,1048576,2.814677
32,/dev/sda,true,1000204886016,4096,1048576,2.855815
33,/dev/sda,true,1000204886016,4096,1048576,2.796032
34,/dev/sda,true,1000204886016,4096,1048576,2.806381
35,/dev/sda,true,1000204886016,4096,1048576,2.786234
36,/dev/sda,true,1000204886016,4096,1048576,2.770775
37,/dev/sda,true,1000204886016,4096,1048576,2.784862
38,/dev/sda,true,1000204886016,4096,1048576,2.835887
39,/dev/sda,true,1000204886016,4096,1048576,2.840897
40,/dev/sda,true,1000204886016,4096,1048576,2.810780
41,/dev/sda,true,1000204886016,4096,1048576,2.793989
42,/dev/sda,true,1000204886016,4096,1048576,2.839844
43,/dev/sda,true,1000204886016,4096,1048576,2.867376
44,/dev/sda,true,1000204886016,4096,1048576,2.796033
45,/dev/sda,true,1000204886016,4096,1048576,2.770294
46,/dev/sda,true,1000204886016,4096,1048576,2.829115
47,/dev/sda,true,1000204886016,4096,1048576,2.851406
48,/dev/sda,true,1000204886016,4096,1048576,2.860233
49,/dev/sda,true,1000204886016,4096,1048576,2.795702
50,/dev/sda,true,1000204886016,4096,1048576,2.794169
51,/dev/sda,true,1000204886016,4096,1048576,2.809628
52,/dev/sda,true,1000204886016,4096,1048576,2.778129
53,/dev/sda,true,1000204886016,4096,1048576,2.818354
54,/dev/sda,true,1000204886016,4096,1048576,2.772678
55,/dev/sda,true,1000204886016,4096,1048576,2.845996
56,/dev/sda,true,1000204886016,4096,1048576,2.809067
57,/dev/sda,true,1000204886016,4096,1048576,2.790432
58,/dev/sda,true,1000204886016,4096,1048576,2.759524
59,/dev/sda,true,1000204886016,4096,1048576,2.780193
60,/dev/sda,true,1000204886016,4096,1048576,2.898525
61,/dev/sda,true,1000204886016,4096,1048576,2.773641
62,/dev/sda,true,1000204886016,4096,1048576,2.794560
63,/dev/sda,true,1000204886016,4096,1048576,2.806612
64,/dev/sda,true,1000204886016,4096,1048576,2.832842
65,/dev/sda,true,1000204886016,4096,1048576,2.788869
66,/dev/sda,true,1000204886016,4096,1048576,2.798888
67,/dev/sda,true,1000204886016,4096,1048576,2.743203
68,/dev/sda,true,1000204886016,4096,1048576,2.812733
69,/dev/sda,true,1000204886016,4096,1048576,2.803185
70,/dev/sda,true,1000204886016,4096,1048576,2.790502
71,/dev/sda,true,1000204886016,4096,1048576,2.797084
72,/dev/sda,true,1000204886016,4096,1048576,2.836408
73,/dev/sda,true,1000204886016,4096,1048576,2.792095
74,/dev/sda,true,1000204886016,4096,1048576,2.846577
75,/dev/sda,true,1000204886016,4096,1048576,2.778159
76,/dev/sda,true,1000204886016,4096,1048576,2.831208
77,/dev/sda,true,1000204886016,4096,1048576,2.780994
78,/dev/sda,true,1000204886016,4096,1048576,2.832391
79,/dev/sda,true,1000204886016,4096,1048576,2.767819
80,/dev/sda,true,1000204886016,4096,1048576,2.822361
81,/dev/sda,true,1000204886016,4096,1048576,2.836809
82,/dev/sda,true,1000204886016,4096,1048576,2.785212
83,/dev/sda,true,1000204886016,4096,1048576,2.758492
84,/dev/sda,true,1000204886016,4096,1048576,2.829976
85,/dev/sda,true,1000204886016,4096,1048576,2.787797
86,/dev/sda,true,1000204886016,4096,1048576,2.781886
87,/dev/sda,true,1000204886016,4096,1048576,2.796323
88,/dev/sda,true,1000204886016,4096,1048576,2.799268
89,/dev/sda,true,1000204886016,4096,1048576,2.811261
90,/dev/sda,true,1000204886016,4096,1048576,2.829415
91,/dev/sda,true,1000204886016,4096,1048576,2.814306
92,/dev/sda,true,1000204886016,4096,1048576,2.831889
93,/dev/sda,true,1000204886016,4096,1048576,2.818825
94,/dev/sda,true,1000204886016,4096,1048576,2.837650
95,/dev/sda,true,1000204886016,4096,1048576,2.832441
96,/dev/sda,true,1000204886016,4096,1048576,2.844343
97,/dev/sda,true,1000204886016,4096,1048576,2.762860
98,/dev/sda,true,1000204886016,4096,1048576,2.807584
99,/dev/sda,true,1000204886016,4096,1048576,2.775855
0,/dev/sda,true,1000204886016,4096,10485760,27.837795
1,/dev/sda,true,1000204886016,4096,10485760,27.877188
2,/dev/sda,true,1000204886016,4096,10485760,28.019174
3,/dev/sda,true,1000204886016,4096,10485760,27.839288
4,/dev/sda,true,1000204886016,4096,10485760,27.864965
5,/dev/sda,true,1000204886016,4096,10485760,27.768635
6,/dev/sda,true,1000204886016,4096,10485760,27.978038
7,/dev/sda,true,1000204886016,4096,10485760,27.943913
8,/dev/sda,true,1000204886016,4096,10485760,27.886065
9,/dev/sda,true,1000204886016,4096,10485760,28.008294
10,/dev/sda,true,1000204886016,4096,10485760,27.967387
11,/dev/sda,true,1000204886016,4096,10485760,28.057977
12,/dev/sda,true,1000204886016,4096,10485760,28.002683
13,/dev/sda,true,1000204886016,4096,10485760,28.116226
14,/dev/sda,true,1000204886016,4096,10485760,27.855718
15,/dev/sda,true,1000204886016,4096,10485760,27.953581
16,/dev/sda,true,1000204886016,4096,10485760,27.893859
17,/dev/sda,true,1000204886016,4096,10485760,27.999237
18,/dev/sda,true,1000204886016,4096,10485760,27.857291
19,/dev/sda,true,1000204886016,4096,10485760,27.859265
20,/dev/sda,true,1000204886016,4096,10485760,27.874383
21,/dev/sda,true,1000204886016,4096,10485760,27.961015
22,/dev/sda,true,1000204886016,4096,10485760,27.978077
23,/dev/sda,true,1000204886016,4096,10485760,28.006270
24,/dev/sda,true,1000204886016,4096,10485760,28.005018
25,/dev/sda,true,1000204886016,4096,10485760,28.013934
26,/dev/sda,true,1000204886016,4096,10485760,28.012872
27,/dev/sda,true,1000204886016,4096,10485760,28.149038
28,/dev/sda,true,1000204886016,4096,10485760,28.142725
29,/dev/sda,true,1000204886016,4096,10485760,27.906994
30,/dev/sda,true,1000204886016,4096,10485760,27.980652
31,/dev/sda,true,1000204886016,4096,10485760,27.878361
32,/dev/sda,true,1000204886016,4096,10485760,27.999718
33,/dev/sda,true,1000204886016,4096,10485760,27.926400
34,/dev/sda,true,1000204886016,4096,10485760,27.954683
35,/dev/sda,true,1000204886016,4096,10485760,27.918606
36,/dev/sda,true,1000204886016,4096,10485760,27.804032
37,/dev/sda,true,1000204886016,4096,10485760,27.839528
38,/dev/sda,true,1000204886016,4096,10485760,27.838065
39,/dev/sda,true,1000204886016,4096,10485760,28.070210
40,/dev/sda,true,1000204886016,4096,10485760,27.984509
41,/dev/sda,true,1000204886016,4096,10485760,28.072794
42,/dev/sda,true,1000204886016,4096,10485760,27.997684
43,/dev/sda,true,1000204886016,4096,10485760,27.959993
44,/dev/sda,true,1000204886016,4096,10485760,29.056145
45,/dev/sda,true,1000204886016,4096,10485760,27.754408
46,/dev/sda,true,1000204886016,4096,10485760,27.703854
47,/dev/sda,true,1000204886016,4096,10485760,27.879112
48,/dev/sda,true,1000204886016,4096,10485760,28.066533
49,/dev/sda,true,1000204886016,4096,10485760,27.759980
50,/dev/sda,true,1000204886016,4096,10485760,27.992404
51,/dev/sda,true,1000204886016,4096,10485760,27.967267
52,/dev/sda,true,1000204886016,4096,10485760,27.918947
53,/dev/sda,true,1000204886016,4096,10485760,28.141113
54,/dev/sda,true,1000204886016,4096,10485760,27.945216
55,/dev/sda,true,1000204886016,4096,10485760,27.799503
56,/dev/sda,true,1000204886016,4096,10485760,27.828558
57,/dev/sda,true,1000204886016,4096,10485760,27.873041
58,/dev/sda,true,1000204886016,4096,10485760,27.983136
59,/dev/sda,true,1000204886016,4096,10485760,27.946919
60,/dev/sda,true,1000204886016,4096,10485760,27.878571
61,/dev/sda,true,1000204886016,4096,10485760,27.805414
62,/dev/sda,true,1000204886016,4096,10485760,28.007342
63,/dev/sda,true,1000204886016,4096,10485760,27.951327
64,/dev/sda,true,1000204886016,4096,10485760,27.872239
65,/dev/sda,true,1000204886016,4096,10485760,27.859746
66,/dev/sda,true,1000204886016,4096,10485760,28.899642
67,/dev/sda,true,1000204886016,4096,10485760,27.972337
68,/dev/sda,true,1000204886016,4096,10485760,27.828878
69,/dev/sda,true,1000204886016,4096,10485760,28.092922
70,/dev/sda,true,1000204886016,4096,10485760,27.989398
71,/dev/sda,true,1000204886016,4096,10485760,27.899641
72,/dev/sda,true,1000204886016,4096,10485760,27.920449
73,/dev/sda,true,1000204886016,4096,10485760,27.920079
74,/dev/sda,true,1000204886016,4096,10485760,28.075580
75,/dev/sda,true,1000204886016,4096,10485760,27.805585
76,/dev/sda,true,1000204886016,4096,10485760,27.778764
77,/dev/sda,true,1000204886016,4096,10485760,28.038029
78,/dev/sda,true,1000204886016,4096,10485760,28.005389
79,/dev/sda,true,1000204886016,4096,10485760,27.984970
80,/dev/sda,true,1000204886016,4096,10485760,27.939836
81,/dev/sda,true,1000204886016,4096,10485760,27.963991
82,/dev/sda,true,1000204886016,4096,10485760,27.987785
83,/dev/sda,true,1000204886016,4096,10485760,27.872339
84,/dev/sda,true,1000204886016,4096,10485760,27.934676
85,/dev/sda,true,1000204886016,4096,10485760,27.981714
86,/dev/sda,true,1000204886016,4096,10485760,28.355073
87,/dev/sda,true,1000204886016,4096,10485760,27.886426
88,/dev/sda,true,1000204886016,4096,10485760,27.993035
89,/dev/sda,true,1000204886016,4096,10485760,27.945827
90,/dev/sda,true,1000204886016,4096,10485760,28.137235
91,/dev/sda,true,1000204886016,4096,10485760,28.010849
92,/dev/sda,true,1000204886016,4096,10485760,27.789134
93,/dev/sda,true,1000204886016,4096,10485760,27.899820
94,/dev/sda,true,1000204886016,4096,10485760,27.887508
95,/dev/sda,true,1000204886016,4096,10485760,27.984378
96,/dev/sda,true,1000204886016,4096,10485760,27.727338
97,/dev/sda,true,1000204886016,4096,10485760,27.734742
98,/dev/sda,true,1000204886016,4096,10485760,28.150389
99,/dev/sda,true,1000204886016,4096,10485760,27.981243
0,/dev/sda,true,1000204886016,4096,104857600,280.380064
1,/dev/sda,true,1000204886016,4096,104857600,280.838461
2,/dev/sda,true,1000204886016,4096,104857600,280.477437
3,/dev/sda,true,1000204886016,4096,104857600,280.726983
4,/dev/sda,true,1000204886016,4096,104857600,280.571282
5,/dev/sda,true,1000204886016,4096,104857600,280.261292
6,/dev/sda,true,1000204886016,4096,104857600,280.825246
7,/dev/sda,true,1000204886016,4096,104857600,280.895829
8,/dev/sda,true,1000204886016,4096,104857600,279.463028
9,/dev/sda,true,1000204886016,4096,104857600,278.606365
10,/dev/sda,true,1000204886016,4096,104857600,279.561051
11,/dev/sda,true,1000204886016,4096,104857600,279.753060
12,/dev/sda,true,1000204886016,4096,104857600,279.810248
13,/dev/sda,true,1000204886016,4096,104857600,279.642463
14,/dev/sda,true,1000204886016,4096,104857600,278.881589
15,/dev/sda,true,1000204886016,4096,104857600,279.689171
16,/dev/sda,true,1000204886016,4096,104857600,279.424967
17,/dev/sda,true,1000204886016,4096,104857600,279.966400
18,/dev/sda,true,1000204886016,4096,104857600,279.794238
19,/dev/sda,true,1000204886016,4096,104857600,280.033195
20,/dev/sda,true,1000204886016,4096,104857600,279.671108
21,/dev/sda,true,1000204886016,4096,104857600,279.608390
22,/dev/sda,true,1000204886016,4096,104857600,279.374913
23,/dev/sda,true,1000204886016,4096,104857600,279.762879
24,/dev/sda,true,1000204886016,4096,104857600,279.072287
25,/dev/sda,true,1000204886016,4096,104857600,279.791673
26,/dev/sda,true,1000204886016,4096,104857600,279.279825
27,/dev/sda,true,1000204886016,4096,104857600,279.558467
28,/dev/sda,true,1000204886016,4096,104857600,279.679453
29,/dev/sda,true,1000204886016,4096,104857600,279.835816
30,/dev/sda,true,1000204886016,4096,104857600,279.861584
31,/dev/sda,true,1000204886016,4096,104857600,279.882633
32,/dev/sda,true,1000204886016,4096,104857600,279.837119
33,/dev/sda,true,1000204886016,4096,104857600,279.844473
34,/dev/sda,true,1000204886016,4096,104857600,279.435728
35,/dev/sda,true,1000204886016,4096,104857600,279.699481
36,/dev/sda,true,1000204886016,4096,104857600,279.335038
37,/dev/sda,true,1000204886016,4096,104857600,279.345769
38,/dev/sda,true,1000204886016,4096,104857600,279.515546
39,/dev/sda,true,1000204886016,4096,104857600,279.670997
40,/dev/sda,true,1000204886016,4096,104857600,280.792086
41,/dev/sda,true,1000204886016,4096,104857600,279.970137
42,/dev/sda,true,1000204886016,4096,104857600,279.566733
43,/dev/sda,true,1000204886016,4096,104857600,279.596889
44,/dev/sda,true,1000204886016,4096,104857600,279.976189
45,/dev/sda,true,1000204886016,4096,104857600,279.512361
46,/dev/sda,true,1000204886016,4096,104857600,279.495559
47,/dev/sda,true,1000204886016,4096,104857600,279.655719
48,/dev/sda,true,1000204886016,4096,104857600,279.749765
49,/dev/sda,true,1000204886016,4096,104857600,279.603191
50,/dev/sda,true,1000204886016,4096,104857600,279.097895
51,/dev/sda,true,1000204886016,4096,104857600,279.637225
52,/dev/sda,true,1000204886016,4096,104857600,280.056830
53,/dev/sda,true,1000204886016,4096,104857600,279.135747
54,/dev/sda,true,1000204886016,4096,104857600,280.005544
55,/dev/sda,true,1000204886016,4096,104857600,279.985396
56,/dev/sda,true,1000204886016,4096,104857600,280.216349
57,/dev/sda,true,1000204886016,4096,104857600,279.152578
58,/dev/sda,true,1000204886016,4096,104857600,279.678742
59,/dev/sda,true,1000204886016,4096,104857600,279.225745
60,/dev/sda,true,1000204886016,4096,104857600,278.722483
61,/dev/sda,true,1000204886016,4096,104857600,279.625183
62,/dev/sda,true,1000204886016,4096,104857600,279.818223
63,/dev/sda,true,1000204886016,4096,104857600,280.362672
64,/dev/sda,true,1000204886016,4096,104857600,279.924402
65,/dev/sda,true,1000204886016,4096,104857600,280.656302
66,/dev/sda,true,1000204886016,4096,104857600,280.329550
67,/dev/sda,true,1000204886016,4096,104857600,280.370998
68,/dev/sda,true,1000204886016,4096,104857600,282.120412
69,/dev/sda,true,1000204886016,4096,104857600,281.291301
70,/dev/sda,true,1000204886016,4096,104857600,279.419328
71,/dev/sda,true,1000204886016,4096,104857600,280.298172
72,/dev/sda,true,1000204886016,4096,104857600,280.489490
73,/dev/sda,true,1000204886016,4096,104857600,280.691829
74,/dev/sda,true,1000204886016,4096,104857600,280.593955
75,/dev/sda,true,1000204886016,4096,104857600,280.803669
76,/dev/sda,true,1000204886016,4096,104857600,280.937669
77,/dev/sda,true,1000204886016,4096,104857600,279.713357
78,/dev/sda,true,1000204886016,4096,104857600,279.615485
79,/dev/sda,true,1000204886016,4096,104857600,279.182925
80,/dev/sda,true,1000204886016,4096,104857600,280.680798
81,/dev/sda,true,1000204886016,4096,104857600,280.403389
82,/dev/sda,true,1000204886016,4096,104857600,280.211099
83,/dev/sda,true,1000204886016,4096,104857600,280.684876
84,/dev/sda,true,1000204886016,4096,104857600,280.507704
85,/dev/sda,true,1000204886016,4096,104857600,280.399632
86,/dev/sda,true,1000204886016,4096,104857600,280.441741
87,/dev/sda,true,1000204886016,4096,104857600,280.980499
88,/dev/sda,true,1000204886016,4096,104857600,280.861587
89,/dev/sda,true,1000204886016,4096,104857600,280.921138
90,/dev/sda,true,1000204886016,4096,104857600,280.590629
91,/dev/sda,true,1000204886016,4096,104857600,281.152682
92,/dev/sda,true,1000204886016,4096,104857600,280.526881
93,/dev/sda,true,1000204886016,4096,104857600,280.372552
94,/dev/sda,true,1000204886016,4096,104857600,280.750299
95,/dev/sda,true,1000204886016,4096,104857600,280.916560
96,/dev/sda,true,1000204886016,4096,104857600,280.301329
97,/dev/sda,true,1000204886016,4096,104857600,280.269860
98,/dev/sda,true,1000204886016,4096,104857600,281.386760
99,/dev/sda,true,1000204886016,4096,104857600,280.582094
0,/dev/sda,true,1000204886016,4096,1073741824,2869.105462
1,/dev/sda,true,1000204886016,4096,1073741824,2869.597445
2,/dev/sda,true,1000204886016,4096,1073741824,2871.049595
3,/dev/sda,true,1000204886016,4096,1073741824,2869.402115
4,/dev/sda,true,1000204886016,4096,1073741824,2873.698858
5,/dev/sda,true,1000204886016,4096,1073741824,2875.794602
6,/dev/sda,true,1000204886016,4096,1073741824,2872.069973
7,/dev/sda,true,1000204886016,4096,1073741824,2869.081543
8,/dev/sda,true,1000204886016,4096,1073741824,2871.209187
9,/dev/sda,true,1000204886016,4096,1073741824,2875.745648
10,/dev/sda,true,1000204886016,4096,1073741824,2870.861770
11,/dev/sda,true,1000204886016,4096,1073741824,2867.218575
12,/dev/sda,true,1000204886016,4096,1073741824,2867.286304
13,/dev/sda,true,1000204886016,4096,1073741824,2864.386699
14,/dev/sda,true,1000204886016,4096,1073741824,2874.467446
15,/dev/sda,true,1000204886016,4096,1073741824,2873.257013
16,/dev/sda,true,1000204886016,4096,1073741824,2873.513113
17,/dev/sda,true,1000204886016,4096,1073741824,2873.690322
18,/dev/sda,true,1000204886016,4096,1073741824,2873.783439
19,/dev/sda,true,1000204886016,4096,1073741824,2874.561843
20,/dev/sda,true,1000204886016,4096,1073741824,2871.778689
21,/dev/sda,true,1000204886016,4096,1073741824,2874.817064
22,/dev/sda,true,1000204886016,4096,1073741824,2871.052782
23,/dev/sda,true,1000204886016,4096,1073741824,2869.660669
24,/dev/sda,true,1000204886016,4096,1073741824,2881.473498
25,/dev/sda,true,1000204886016,4096,1073741824,2865.886099
26,/dev/sda,true,1000204886016,4096,1073741824,2871.358392
27,/dev/sda,true,1000204886016,4096,1073741824,2878.227849
28,/dev/sda,true,1000204886016,4096,1073741824,2873.591825
29,/dev/sda,true,1000204886016,4096,1073741824,2865.905353
30,/dev/sda,true,1000204886016,4096,1073741824,2868.380697
31,/dev/sda,true,1000204886016,4096,1073741824,2870.458658
32,/dev/sda,true,1000204886016,4096,1073741824,2869.234258
33,/dev/sda,true,1000204886016,4096,1073741824,2877.731952
34,/dev/sda,true,1000204886016,4096,1073741824,2866.436707
35,/dev/sda,true,1000204886016,4096,1073741824,2873.108504
36,/dev/sda,true,1000204886016,4096,1073741824,2879.632896
37,/dev/sda,true,1000204886016,4096,1073741824,2874.107958
38,/dev/sda,true,1000204886016,4096,1073741824,2870.617117
39,/dev/sda,true,1000204886016,4096,1073741824,2867.420867
40,/dev/sda,true,1000204886016,4096,1073741824,2871.789175
41,/dev/sda,true,1000204886016,4096,1073741824,2868.559622
42,/dev/sda,true,1000204886016,4096,1073741824,2877.511737
43,/dev/sda,true,1000204886016,4096,1073741824,2876.118751
44,/dev/sda,true,1000204886016,4096,1073741824,2872.807858
45,/dev/sda,true,1000204886016,4096,1073741824,2875.708427
46,/dev/sda,true,1000204886016,4096,1073741824,2873.087594
47,/dev/sda,true,1000204886016,4096,1073741824,2885.543687
48,/dev/sda,true,1000204886016,4096,1073741824,2869.664472
49,/dev/sda,true,1000204886016,4096,1073741824,2872.609294
50,/dev/sda,true,1000204886016,4096,1073741824,2873.439550
51,/dev/sda,true,1000204886016,4096,1073741824,2871.111204
52,/dev/sda,true,1000204886016,4096,1073741824,2877.021276
53,/dev/sda,true,1000204886016,4096,1073741824,2873.235854
54,/dev/sda,true,1000204886016,4096,1073741824,2874.795754
55,/dev/sda,true,1000204886016,4096,1073741824,2867.643571
56,/dev/sda,true,1000204886016,4096,1073741824,2871.150376
57,/dev/sda,true,1000204886016,4096,1073741824,2867.219050
58,/dev/sda,true,1000204886016,4096,1073741824,2866.459581
59,/dev/sda,true,1000204886016,4096,1073741824,2868.868680
60,/dev/sda,true,1000204886016,4096,1073741824,2873.221548
61,/dev/sda,true,1000204886016,4096,1073741824,2874.422497
62,/dev/sda,true,1000204886016,4096,1073741824,2873.105244
63,/dev/sda,true,1000204886016,4096,1073741824,2874.299110
64,/dev/sda,true,1000204886016,4096,1073741824,2874.421179
65,/dev/sda,true,1000204886016,4096,1073741824,2871.999439
66,/dev/sda,true,1000204886016,4096,1073741824,2865.727923
67,/dev/sda,true,1000204886016,4096,1073741824,2875.370621
68,/dev/sda,true,1000204886016,4096,1073741824,2871.804399
69,/dev/sda,true,1000204886016,4096,1073741824,2869.101902
70,/dev/sda,true,1000204886016,4096,1073741824,2877.098068
71,/dev/sda,true,1000204886016,4096,1073741824,2868.854312
72,/dev/sda,true,1000204886016,4096,1073741824,2881.885150
73,/dev/sda,true,1000204886016,4096,1073741824,2876.184413
74,/dev/sda,true,1000204886016,4096,1073741824,2868.090256
75,/dev/sda,true,1000204886016,4096,1073741824,2874.474396
76,/dev/sda,true,1000204886016,4096,1073741824,2867.595624
77,/dev/sda,true,1000204886016,4096,1073741824,2873.717993
78,/dev/sda,true,1000204886016,4096,1073741824,2872.018895
79,/dev/sda,true,1000204886016,4096,1073741824,2872.398787
80,/dev/sda,true,1000204886016,4096,1073741824,2871.937175
81,/dev/sda,true,1000204886016,4096,1073741824,2871.474651
82,/dev/sda,true,1000204886016,4096,1073741824,2873.169333
83,/dev/sda,true,1000204886016,4096,1073741824,2872.381851
84,/dev/sda,true,1000204886016,4096,1073741824,2877.986381
85,/dev/sda,true,1000204886016,4096,1073741824,2871.011158
86,/dev/sda,true,1000204886016,4096,1073741824,2875.481756
87,/dev/sda,true,1000204886016,4096,1073741824,2879.976068
88,/dev/sda,true,1000204886016,4096,1073741824,2868.320116
89,/dev/sda,true,1000204886016,4096,1073741824,2875.973641
90,/dev/sda,true,1000204886016,4096,1073741824,2877.764193
91,/dev/sda,true,1000204886016,4096,1073741824,2873.345715
92,/dev/sda,true,1000204886016,4096,1073741824,2866.733973
93,/dev/sda,true,1000204886016,4096,1073741824,2870.897236
94,/dev/sda,true,1000204886016,4096,1073741824,2868.848443
95,/dev/sda,true,1000204886016,4096,1073741824,2869.782803
96,/dev/sda,true,1000204886016,4096,1073741824,2879.838793
97,/dev/sda,true,1000204886016,4096,1073741824,2869.635690
98,/dev/sda,true,1000204886016,4096,1073741824,2873.092801
99,/dev/sda,true,1000204886016,4096,1073741824,2869.084972
0,/dev/sdb,true,500107862016,4096,1048576,2.712817
1,/dev/sdb,true,500107862016,4096,1048576,2.705774
2,/dev/sdb,true,500107862016,4096,1048576,2.710993
3,/dev/sdb,true,500107862016,4096,1048576,2.705744
4,/dev/sdb,true,500107862016,4096,1048576,2.710663
5,/dev/sdb,true,500107862016,4096,1048576,2.710172
6,/dev/sdb,true,500107862016,4096,1048576,2.708409
7,/dev/sdb,true,500107862016,4096,1048576,2.712266
8,/dev/sdb,true,500107862016,4096,1048576,2.708098
9,/dev/sdb,true,500107862016,4096,1048576,2.709692
10,/dev/sdb,true,500107862016,4096,1048576,2.710913
11,/dev/sdb,true,500107862016,4096,1048576,2.708910
12,/dev/sdb,true,500107862016,4096,1048576,2.749996
13,/dev/sdb,true,500107862016,4096,1048576,2.703861
14,/dev/sdb,true,500107862016,4096,1048576,2.751740
15,/dev/sdb,true,500107862016,4096,1048576,2.711414
16,/dev/sdb,true,500107862016,4096,1048576,2.712697
17,/dev/sdb,true,500107862016,4096,1048576,2.715823
18,/dev/sdb,true,500107862016,4096,1048576,2.712276
19,/dev/sdb,true,500107862016,4096,1048576,2.714189
20,/dev/sdb,true,500107862016,4096,1048576,2.745147
21,/dev/sdb,true,500107862016,4096,1048576,2.713909
22,/dev/sdb,true,500107862016,4096,1048576,2.710283
23,/dev/sdb,true,500107862016,4096,1048576,2.713558
24,/dev/sdb,true,500107862016,4096,1048576,2.707296
25,/dev/sdb,true,500107862016,4096,1048576,2.713809
26,/dev/sdb,true,500107862016,4096,1048576,2.712306
27,/dev/sdb,true,500107862016,4096,1048576,2.712697
28,/dev/sdb,true,500107862016,4096,1048576,2.711214
29,/dev/sdb,true,500107862016,4096,1048576,2.769383
30,/dev/sdb,true,500107862016,4096,1048576,2.727424
31,/dev/sdb,true,500107862016,4096,1048576,2.726011
32,/dev/sdb,true,500107862016,4096,1048576,2.714300
33,/dev/sdb,true,500107862016,4096,1048576,2.714109
34,/dev/sdb,true,500107862016,4096,1048576,2.719709
35,/dev/sdb,true,500107862016,4096,1048576,2.727124
36,/dev/sdb,true,500107862016,4096,1048576,2.727995
37,/dev/sdb,true,500107862016,4096,1048576,2.713288
38,/dev/sdb,true,500107862016,4096,1048576,2.715732
39,/dev/sdb,true,500107862016,4096,1048576,2.714290
40,/dev/sdb,true,500107862016,4096,1048576,2.699823
41,/dev/sdb,true,500107862016,4096,1048576,2.710142
42,/dev/sdb,true,500107862016,4096,1048576,2.706966
43,/dev/sdb,true,500107862016,4096,1048576,2.703259
44,/dev/sdb,true,500107862016,4096,1048576,2.708389
45,/dev/sdb,true,500107862016,4096,1048576,2.766528
46,/dev/sdb,true,500107862016,4096,1048576,2.704021
47,/dev/sdb,true,500107862016,4096,1048576,2.704090
48,/dev/sdb,true,500107862016,4096,1048576,2.713207
49,/dev/sdb,true,500107862016,4096,1048576,2.703670
50,/dev/sdb,true,500107862016,4096,1048576,2.714490
51,/dev/sdb,true,500107862016,4096,1048576,2.705353
52,/dev/sdb,true,500107862016,4096,1048576,2.699081
53,/dev/sdb,true,500107862016,4096,1048576,2.703169
54,/dev/sdb,true,500107862016,4096,1048576,2.706696
55,/dev/sdb,true,500107862016,4096,1048576,2.709089
56,/dev/sdb,true,500107862016,4096,1048576,2.706135
57,/dev/sdb,true,500107862016,4096,1048576,2.708138
58,/dev/sdb,true,500107862016,4096,1048576,2.741871
59,/dev/sdb,true,500107862016,4096,1048576,2.726272
60,/dev/sdb,true,500107862016,4096,1048576,2.706325
61,/dev/sdb,true,500107862016,4096,1048576,2.739427
62,/dev/sdb,true,500107862016,4096,1048576,2.709251
63,/dev/sdb,true,500107862016,4096,1048576,2.703299
64,/dev/sdb,true,500107862016,4096,1048576,2.708770
65,/dev/sdb,true,500107862016,4096,1048576,2.704992
66,/dev/sdb,true,500107862016,4096,1048576,2.724889
67,/dev/sdb,true,500107862016,4096,1048576,2.722906
68,/dev/sdb,true,500107862016,4096,1048576,2.724549
69,/dev/sdb,true,500107862016,4096,1048576,2.708569
70,/dev/sdb,true,500107862016,4096,1048576,2.710653
71,/dev/sdb,true,500107862016,4096,1048576,2.725861
72,/dev/sdb,true,500107862016,4096,1048576,2.703410
73,/dev/sdb,true,500107862016,4096,1048576,2.711604
74,/dev/sdb,true,500107862016,4096,1048576,2.704722
75,/dev/sdb,true,500107862016,4096,1048576,2.713068
76,/dev/sdb,true,500107862016,4096,1048576,2.714490
77,/dev/sdb,true,500107862016,4096,1048576,2.712837
78,/dev/sdb,true,500107862016,4096,1048576,2.713799
79,/dev/sdb,true,500107862016,4096,1048576,2.713808
80,/dev/sdb,true,500107862016,4096,1048576,2.728477
81,/dev/sdb,true,500107862016,4096,1048576,2.713979
82,/dev/sdb,true,500107862016,4096,1048576,2.712747
83,/dev/sdb,true,500107862016,4096,1048576,2.712647
84,/dev/sdb,true,500107862016,4096,1048576,2.704702
85,/dev/sdb,true,500107862016,4096,1048576,2.726272
86,/dev/sdb,true,500107862016,4096,1048576,2.705152
87,/dev/sdb,true,500107862016,4096,1048576,2.715061
88,/dev/sdb,true,500107862016,4096,1048576,2.715502
89,/dev/sdb,true,500107862016,4096,1048576,2.714780
90,/dev/sdb,true,500107862016,4096,1048576,2.712877
91,/dev/sdb,true,500107862016,4096,1048576,2.714650
92,/dev/sdb,true,500107862016,4096,1048576,2.726653
93,/dev/sdb,true,500107862016,4096,1048576,2.721333
94,/dev/sdb,true,500107862016,4096,1048576,2.712897
95,/dev/sdb,true,500107862016,4096,1048576,2.713137
96,/dev/sdb,true,500107862016,4096,1048576,2.711535
97,/dev/sdb,true,500107862016,4096,1048576,2.711394
98,/dev/sdb,true,500107862016,4096,1048576,2.708979
99,/dev/sdb,true,500107862016,4096,1048576,2.712837
0,/dev/sdb,true,500107862016,4096,10485760,27.263001
1,/dev/sdb,true,500107862016,4096,10485760,27.163224
2,/dev/sdb,true,500107862016,4096,10485760,27.151402
3,/dev/sdb,true,500107862016,4096,10485760,27.155019
4,/dev/sdb,true,500107862016,4096,10485760,27.142185
5,/dev/sdb,true,500107862016,4096,10485760,27.274082
6,/dev/sdb,true,500107862016,4096,10485760,27.147685
7,/dev/sdb,true,500107862016,4096,10485760,27.137706
8,/dev/sdb,true,500107862016,4096,10485760,27.234608
9,/dev/sdb,true,500107862016,4096,10485760,27.323133
10,/dev/sdb,true,500107862016,4096,10485760,27.189784
11,/dev/sdb,true,500107862016,4096,10485760,27.229759
12,/dev/sdb,true,500107862016,4096,10485760,27.137406
13,/dev/sdb,true,500107862016,4096,10485760,27.222936
14,/dev/sdb,true,500107862016,4096,10485760,27.203279
15,/dev/sdb,true,500107862016,4096,10485760,27.182470
16,/dev/sdb,true,500107862016,4096,10485760,27.241991
17,/dev/sdb,true,500107862016,4096,10485760,27.168044
18,/dev/sdb,true,500107862016,4096,10485760,27.183272
19,/dev/sdb,true,500107862016,4096,10485760,27.238695
20,/dev/sdb,true,500107862016,4096,10485760,27.128219
21,/dev/sdb,true,500107862016,4096,10485760,27.226583
22,/dev/sdb,true,500107862016,4096,10485760,27.157854
23,/dev/sdb,true,500107862016,4096,10485760,27.206014
24,/dev/sdb,true,500107862016,4096,10485760,27.142416
25,/dev/sdb,true,500107862016,4096,10485760,27.139510
26,/dev/sdb,true,500107862016,4096,10485760,27.133889
27,/dev/sdb,true,500107862016,4096,10485760,27.184274
28,/dev/sdb,true,500107862016,4096,10485760,27.177481
29,/dev/sdb,true,500107862016,4096,10485760,27.245679
30,/dev/sdb,true,500107862016,4096,10485760,27.147856
31,/dev/sdb,true,500107862016,4096,10485760,27.145441
32,/dev/sdb,true,500107862016,4096,10485760,27.196196
33,/dev/sdb,true,500107862016,4096,10485760,27.149909
34,/dev/sdb,true,500107862016,4096,10485760,27.269974
35,/dev/sdb,true,500107862016,4096,10485760,27.187690
36,/dev/sdb,true,500107862016,4096,10485760,27.174044
37,/dev/sdb,true,500107862016,4096,10485760,27.285383
38,/dev/sdb,true,500107862016,4096,10485760,27.274082
39,/dev/sdb,true,500107862016,4096,10485760,27.183743
40,/dev/sdb,true,500107862016,4096,10485760,27.170568
41,/dev/sdb,true,500107862016,4096,10485760,27.152094
42,/dev/sdb,true,500107862016,4096,10485760,27.187780
43,/dev/sdb,true,500107862016,4096,10485760,27.198410
44,/dev/sdb,true,500107862016,4096,10485760,27.160910
45,/dev/sdb,true,500107862016,4096,10485760,27.225741
46,/dev/sdb,true,500107862016,4096,10485760,27.181419
47,/dev/sdb,true,500107862016,4096,10485760,27.128469
48,/dev/sdb,true,500107862016,4096,10485760,27.224308
49,/dev/sdb,true,500107862016,4096,10485760,27.158165
50,/dev/sdb,true,500107862016,4096,10485760,27.174466
51,/dev/sdb,true,500107862016,4096,10485760,27.154287
52,/dev/sdb,true,500107862016,4096,10485760,27.208359
53,/dev/sdb,true,500107862016,4096,10485760,27.270785
54,/dev/sdb,true,500107862016,4096,10485760,27.206014
55,/dev/sdb,true,500107862016,4096,10485760,27.173324
56,/dev/sdb,true,500107862016,4096,10485760,27.156512
57,/dev/sdb,true,500107862016,4096,10485760,27.215732
58,/dev/sdb,true,500107862016,4096,10485760,27.169797
59,/dev/sdb,true,500107862016,4096,10485760,27.197379
60,/dev/sdb,true,500107862016,4096,10485760,27.247742
61,/dev/sdb,true,500107862016,4096,10485760,27.212146
62,/dev/sdb,true,500107862016,4096,10485760,27.241180
63,/dev/sdb,true,500107862016,4096,10485760,27.207447
64,/dev/sdb,true,500107862016,4096,10485760,27.145851
65,/dev/sdb,true,500107862016,4096,10485760,27.141453
66,/dev/sdb,true,500107862016,4096,10485760,27.165980
67,/dev/sdb,true,500107862016,4096,10485760,27.296264
68,/dev/sdb,true,500107862016,4096,10485760,27.142014
69,/dev/sdb,true,500107862016,4096,10485760,27.154849
70,/dev/sdb,true,500107862016,4096,10485760,27.234638
71,/dev/sdb,true,500107862016,4096,10485760,27.126666
72,/dev/sdb,true,500107862016,4096,10485760,27.137977
73,/dev/sdb,true,500107862016,4096,10485760,27.130273
74,/dev/sdb,true,500107862016,4096,10485760,27.120174
75,/dev/sdb,true,500107862016,4096,10485760,27.203560
76,/dev/sdb,true,500107862016,4096,10485760,27.196356
77,/dev/sdb,true,500107862016,4096,10485760,27.159006
78,/dev/sdb,true,500107862016,4096,10485760,27.177411
79,/dev/sdb,true,500107862016,4096,10485760,27.200394
80,/dev/sdb,true,500107862016,4096,10485760,27.213698
81,/dev/sdb,true,500107862016,4096,10485760,27.125293
82,/dev/sdb,true,500107862016,4096,10485760,27.236792
83,/dev/sdb,true,500107862016,4096,10485760,27.134410
84,/dev/sdb,true,500107862016,4096,10485760,27.177000
85,/dev/sdb,true,500107862016,4096,10485760,27.163716
86,/dev/sdb,true,500107862016,4096,10485760,27.126495
87,/dev/sdb,true,500107862016,4096,10485760,27.143177
88,/dev/sdb,true,500107862016,4096,10485760,27.214590
89,/dev/sdb,true,500107862016,4096,10485760,27.187209
90,/dev/sdb,true,500107862016,4096,10485760,27.193490
91,/dev/sdb,true,500107862016,4096,10485760,27.167543
92,/dev/sdb,true,500107862016,4096,10485760,27.253043
93,/dev/sdb,true,500107862016,4096,10485760,27.167452
94,/dev/sdb,true,500107862016,4096,10485760,27.202969
95,/dev/sdb,true,500107862016,4096,10485760,27.207707
96,/dev/sdb,true,500107862016,4096,10485760,27.266988
97,/dev/sdb,true,500107862016,4096,10485760,27.256579
98,/dev/sdb,true,500107862016,4096,10485760,27.238054
99,/dev/sdb,true,500107862016,4096,10485760,27.322903
0,/dev/sdb,true,500107862016,4096,104857600,272.681097
1,/dev/sdb,true,500107862016,4096,104857600,272.978885
2,/dev/sdb,true,500107862016,4096,104857600,272.883575
3,/dev/sdb,true,500107862016,4096,104857600,272.935914
4,/dev/sdb,true,500107862016,4096,104857600,272.760105
5,/dev/sdb,true,500107862016,4096,104857600,272.892823
6,/dev/sdb,true,500107862016,4096,104857600,272.700092
7,/dev/sdb,true,500107862016,4096,104857600,272.861565
8,/dev/sdb,true,500107862016,4096,104857600,272.836337
9,/dev/sdb,true,500107862016,4096,104857600,272.725450
10,/dev/sdb,true,500107862016,4096,104857600,272.808585
11,/dev/sdb,true,500107862016,4096,104857600,273.091866
12,/dev/sdb,true,500107862016,4096,104857600,272.750186
13,/dev/sdb,true,500107862016,4096,104857600,272.970088
14,/dev/sdb,true,500107862016,4096,104857600,273.184780
15,/dev/sdb,true,500107862016,4096,104857600,272.706495
16,/dev/sdb,true,500107862016,4096,104857600,272.881833
17,/dev/sdb,true,500107862016,4096,104857600,272.847589
18,/dev/sdb,true,500107862016,4096,104857600,272.832681
19,/dev/sdb,true,500107862016,4096,104857600,272.738404
20,/dev/sdb,true,500107862016,4096,104857600,272.765335
21,/dev/sdb,true,500107862016,4096,104857600,272.832420
22,/dev/sdb,true,500107862016,4096,104857600,273.068462
23,/dev/sdb,true,500107862016,4096,104857600,272.805961
24,/dev/sdb,true,500107862016,4096,104857600,272.853260
25,/dev/sdb,true,500107862016,4096,104857600,272.677621
26,/dev/sdb,true,500107862016,4096,104857600,272.889908
27,/dev/sdb,true,500107862016,4096,104857600,272.766526
28,/dev/sdb,true,500107862016,4096,104857600,272.702888
29,/dev/sdb,true,500107862016,4096,104857600,272.680175
30,/dev/sdb,true,500107862016,4096,104857600,272.716604
31,/dev/sdb,true,500107862016,4096,104857600,272.628118
32,/dev/sdb,true,500107862016,4096,104857600,272.802595
33,/dev/sdb,true,500107862016,4096,104857600,272.644108
34,/dev/sdb,true,500107862016,4096,104857600,272.758202
35,/dev/sdb,true,500107862016,4096,104857600,272.867195
36,/dev/sdb,true,500107862016,4096,104857600,273.506291
37,/dev/sdb,true,500107862016,4096,104857600,272.499548
38,/dev/sdb,true,500107862016,4096,104857600,273.032284
39,/dev/sdb,true,500107862016,4096,104857600,273.001808
40,/dev/sdb,true,500107862016,4096,104857600,272.628609
41,/dev/sdb,true,500107862016,4096,104857600,272.788839
42,/dev/sdb,true,500107862016,4096,104857600,272.844553
43,/dev/sdb,true,500107862016,4096,104857600,272.861605
44,/dev/sdb,true,500107862016,4096,104857600,272.402336
45,/dev/sdb,true,500107862016,4096,104857600,272.615645
46,/dev/sdb,true,500107862016,4096,104857600,272.807323
47,/dev/sdb,true,500107862016,4096,104857600,273.001587
48,/dev/sdb,true,500107862016,4096,104857600,272.687559
49,/dev/sdb,true,500107862016,4096,104857600,272.772468
50,/dev/sdb,true,500107862016,4096,104857600,272.938700
51,/dev/sdb,true,500107862016,4096,104857600,272.725891
52,/dev/sdb,true,500107862016,4096,104857600,272.717806
53,/dev/sdb,true,500107862016,4096,104857600,272.616356
54,/dev/sdb,true,500107862016,4096,104857600,272.667943
55,/dev/sdb,true,500107862016,4096,104857600,272.454143
56,/dev/sdb,true,500107862016,4096,104857600,272.994944
57,/dev/sdb,true,500107862016,4096,104857600,272.655870
58,/dev/sdb,true,500107862016,4096,104857600,272.771787
59,/dev/sdb,true,500107862016,4096,104857600,272.671309
60,/dev/sdb,true,500107862016,4096,104857600,272.874780
61,/dev/sdb,true,500107862016,4096,104857600,272.773110
62,/dev/sdb,true,500107862016,4096,104857600,272.226446
63,/dev/sdb,true,500107862016,4096,104857600,271.724909
64,/dev/sdb,true,500107862016,4096,104857600,271.722624
65,/dev/sdb,true,500107862016,4096,104857600,272.015673
66,/dev/sdb,true,500107862016,4096,104857600,271.946733
67,/dev/sdb,true,500107862016,4096,104857600,271.913571
68,/dev/sdb,true,500107862016,4096,104857600,271.772748
69,/dev/sdb,true,500107862016,4096,104857600,271.802583
70,/dev/sdb,true,500107862016,4096,104857600,271.932387
71,/dev/sdb,true,500107862016,4096,104857600,271.798176
72,/dev/sdb,true,500107862016,4096,104857600,272.574248
73,/dev/sdb,true,500107862016,4096,104857600,272.760276
74,/dev/sdb,true,500107862016,4096,104857600,272.696025
75,/dev/sdb,true,500107862016,4096,104857600,272.751740
76,/dev/sdb,true,500107862016,4096,104857600,272.750958
77,/dev/sdb,true,500107862016,4096,104857600,272.890169
78,/dev/sdb,true,500107862016,4096,104857600,272.827461
79,/dev/sdb,true,500107862016,4096,104857600,272.061257
80,/dev/sdb,true,500107862016,4096,104857600,271.820457
81,/dev/sdb,true,500107862016,4096,104857600,272.522892
82,/dev/sdb,true,500107862016,4096,104857600,273.045910
83,/dev/sdb,true,500107862016,4096,104857600,272.921718
84,/dev/sdb,true,500107862016,4096,104857600,272.851427
85,/dev/sdb,true,500107862016,4096,104857600,272.953277
86,/dev/sdb,true,500107862016,4096,104857600,272.959528
87,/dev/sdb,true,500107862016,4096,104857600,272.781065
88,/dev/sdb,true,500107862016,4096,104857600,272.200719
89,/dev/sdb,true,500107862016,4096,104857600,271.649628
90,/dev/sdb,true,500107862016,4096,104857600,271.965569
91,/dev/sdb,true,500107862016,4096,104857600,271.753963
92,/dev/sdb,true,500107862016,4096,104857600,271.761176
93,/dev/sdb,true,500107862016,4096,104857600,271.869258
94,/dev/sdb,true,500107862016,4096,104857600,271.961431
95,/dev/sdb,true,500107862016,4096,104857600,271.677390
96,/dev/sdb,true,500107862016,4096,104857600,271.956863
97,/dev/sdb,true,500107862016,4096,104857600,271.810829
98,/dev/sdb,true,500107862016,4096,104857600,271.806671
99,/dev/sdb,true,500107862016,4096,104857600,271.760866
0,/dev/sdb,true,500107862016,4096,1073741824,2790.316157
1,/dev/sdb,true,500107862016,4096,1073741824,2788.692760
2,/dev/sdb,true,500107862016,4096,1073741824,2790.245167
3,/dev/sdb,true,500107862016,4096,1073741824,2792.274415
4,/dev/sdb,true,500107862016,4096,1073741824,2795.540779
5,/dev/sdb,true,500107862016,4096,1073741824,2789.623426
6,/dev/sdb,true,500107862016,4096,1073741824,2795.546362
7,/dev/sdb,true,500107862016,4096,1073741824,2793.712039
8,/dev/sdb,true,500107862016,4096,1073741824,2802.085902
9,/dev/sdb,true,500107862016,4096,1073741824,2790.782569
10,/dev/sdb,true,500107862016,4096,1073741824,2793.704809
11,/dev/sdb,true,500107862016,4096,1073741824,2790.350683
12,/dev/sdb,true,500107862016,4096,1073741824,2790.485456
13,/dev/sdb,true,500107862016,4096,1073741824,2789.590061
14,/dev/sdb,true,500107862016,4096,1073741824,2784.483616
15,/dev/sdb,true,500107862016,4096,1073741824,2793.897044
16,/dev/sdb,true,500107862016,4096,1073741824,2792.728908
17,/dev/sdb,true,500107862016,4096,1073741824,2792.257998
18,/dev/sdb,true,500107862016,4096,1073741824,2793.507347
19,/dev/sdb,true,500107862016,4096,1073741824,2795.442059
20,/dev/sdb,true,500107862016,4096,1073741824,2793.487011
21,/dev/sdb,true,500107862016,4096,1073741824,2797.056693
22,/dev/sdb,true,500107862016,4096,1073741824,2788.991600
23,/dev/sdb,true,500107862016,4096,1073741824,2786.541416
24,/dev/sdb,true,500107862016,4096,1073741824,2787.196422
25,/dev/sdb,true,500107862016,4096,1073741824,2796.402201
26,/dev/sdb,true,500107862016,4096,1073741824,2792.660991
27,/dev/sdb,true,500107862016,4096,1073741824,2787.834069
28,/dev/sdb,true,500107862016,4096,1073741824,2788.858196
29,/dev/sdb,true,500107862016,4096,1073741824,2793.894622
30,/dev/sdb,true,500107862016,4096,1073741824,2793.555959
31,/dev/sdb,true,500107862016,4096,1073741824,2804.214878
32,/dev/sdb,true,500107862016,4096,1073741824,2791.019054
33,/dev/sdb,true,500107862016,4096,1073741824,2796.051322
34,/dev/sdb,true,500107862016,4096,1073741824,2791.593971
35,/dev/sdb,true,500107862016,4096,1073741824,2793.607731
36,/dev/sdb,true,500107862016,4096,1073741824,2791.130024
37,/dev/sdb,true,500107862016,4096,1073741824,2791.748332
38,/dev/sdb,true,500107862016,4096,1073741824,2789.746708
39,/dev/sdb,true,500107862016,4096,1073741824,2788.019286
40,/dev/sdb,true,500107862016,4096,1073741824,2791.813578
41,/dev/sdb,true,500107862016,4096,1073741824,2794.078206
42,/dev/sdb,true,500107862016,4096,1073741824,2789.280679
43,/dev/sdb,true,500107862016,4096,1073741824,2791.124330
44,/dev/sdb,true,500107862016,4096,1073741824,2794.788769
45,/dev/sdb,true,500107862016,4096,1073741824,2795.439598
46,/dev/sdb,true,500107862016,4096,1073741824,2788.665901
47,/dev/sdb,true,500107862016,4096,1073741824,2795.061352
48,/dev/sdb,true,500107862016,4096,1073741824,2800.353867
49,/dev/sdb,true,500107862016,4096,1073741824,2792.856917
50,/dev/sdb,true,500107862016,4096,1073741824,2794.733420
51,/dev/sdb,true,500107862016,4096,1073741824,2789.273834
52,/dev/sdb,true,500107862016,4096,1073741824,2794.214381
53,/dev/sdb,true,500107862016,4096,1073741824,2792.955395
54,/dev/sdb,true,500107862016,4096,1073741824,2792.882128
55,/dev/sdb,true,500107862016,4096,1073741824,2793.823060
56,/dev/sdb,true,500107862016,4096,1073741824,2791.986304
57,/dev/sdb,true,500107862016,4096,1073741824,2794.365006
58,/dev/sdb,true,500107862016,4096,1073741824,2793.675968
59,/dev/sdb,true,500107862016,4096,1073741824,2785.915344
60,/dev/sdb,true,500107862016,4096,1073741824,2796.294109
61,/dev/sdb,true,500107862016,4096,1073741824,2796.499464
62,/dev/sdb,true,500107862016,4096,1073741824,2790.677990
63,/dev/sdb,true,500107862016,4096,1073741824,2785.262676
64,/dev/sdb,true,500107862016,4096,1073741824,2786.018230
65,/dev/sdb,true,500107862016,4096,1073741824,2786.668228
66,/dev/sdb,true,500107862016,4096,1073741824,2791.496344
67,/dev/sdb,true,500107862016,4096,1073741824,2795.079220
68,/dev/sdb,true,500107862016,4096,1073741824,2793.360865
69,/dev/sdb,true,500107862016,4096,1073741824,2793.358922
70,/dev/sdb,true,500107862016,4096,1073741824,2790.217073
71,/dev/sdb,true,500107862016,4096,1073741824,2793.046328
72,/dev/sdb,true,500107862016,4096,1073741824,2791.729795
73,/dev/sdb,true,500107862016,4096,1073741824,2787.157900
74,/dev/sdb,true,500107862016,4096,1073741824,2791.875028
75,/dev/sdb,true,500107862016,4096,1073741824,2788.486478
76,/dev/sdb,true,500107862016,4096,1073741824,2792.832963
77,/dev/sdb,true,500107862016,4096,1073741824,2792.280239
78,/dev/sdb,true,500107862016,4096,1073741824,2789.222627
79,/dev/sdb,true,500107862016,4096,1073741824,2786.033169
80,/dev/sdb,true,500107862016,4096,1073741824,2786.239587
81,/dev/sdb,true,500107862016,4096,1073741824,2785.518918
82,/dev/sdb,true,500107862016,4096,1073741824,2792.507938
83,/dev/sdb,true,500107862016,4096,1073741824,2793.434724
84,/dev/sdb,true,500107862016,4096,1073741824,2791.373177
85,/dev/sdb,true,500107862016,4096,1073741824,2789.285009
86,/dev/sdb,true,500107862016,4096,1073741824,2791.482552
87,/dev/sdb,true,500107862016,4096,1073741824,2792.510788
88,/dev/sdb,true,500107862016,4096,1073741824,2793.730050
89,/dev/sdb,true,500107862016,4096,1073741824,2788.958691
90,/dev/sdb,true,500107862016,4096,1073741824,2787.818277
91,/dev/sdb,true,500107862016,4096,1073741824,2793.744468
92,/dev/sdb,true,500107862016,4096,1073741824,2791.966592
93,/dev/sdb,true,500107862016,4096,1073741824,2785.577015
94,/dev/sdb,true,500107862016,4096,1073741824,2804.796224
95,/dev/sdb,true,500107862016,4096,1073741824,2798.728649
96,/dev/sdb,true,500107862016,4096,1073741824,2789.205197
97,/dev/sdb,true,500107862016,4096,1073741824,2795.910747
98,/dev/sdb,true,500107862016,4096,1073741824,2786.601064
99,/dev/sdb,true,500107862016,4096,1073741824,2794.285046
